customer_id,churn
24213,1
24214,0
24215,1
24216,0
24218,1
24219,0
24220,1
24222,0
24223,1
24225,0
24226,1
24227,0
24229,1
24231,0
24232,1
24233,0
24234,1
24235,0
24236,1
24237,0
24238,1
24239,0
24241,1
24242,0
24244,1
24245,0
24247,1
24253,0
24254,1
24255,0
24256,1
24258,0
24260,1
24261,0
24263,1
24265,0
24266,1
24268,0
24272,1
24273,0
24274,1
24275,0
24276,1
24278,0
24279,1
24280,0
24282,1
24284,0
24286,1
24287,0
24288,1
24290,0
24292,1
24293,0
24294,1
24295,0
24296,1
24298,0
24299,1
24300,0
24301,1
24302,0
24305,1
24306,0
24307,1
24309,0
24310,1
24311,0
24312,1
24313,0
24314,1
24315,0
24316,1
24317,0
24318,1
24319,0
24320,1
24321,0
24322,1
24323,0
24324,1
24325,0
24326,1
24329,0
24330,1
24333,0
24334,1
24335,0
24336,1
24337,0
24338,1
24339,0
24340,1
24341,0
24343,1
24346,0
24348,1
24349,0
24350,1
24351,0
24352,1
24353,0
24355,1
24358,0
24359,1
24360,0
24361,1
24362,0
24363,1
24365,0
24366,1
24367,0
24368,1
24369,0
24372,1
24373,0
24374,1
24375,0
24377,1
24378,0
24379,1
24380,0
24381,1
24382,0
24384,1
24385,0
24389,1
24392,0
24393,1
24394,0
24396,1
24397,0
24400,1
24401,0
24402,1
24403,0
24404,1
24405,0
24406,1
24407,0
24408,1
24409,0
24411,1
24412,0
24413,1
24414,0
24415,1
24417,0
24419,1
24422,0
24423,1
24424,0
24425,1
24426,0
24427,1
24428,0
24429,1
24431,0
24434,1
24435,0
24436,1
24437,0
24440,1
24441,0
24443,1
24444,0
24445,1
24446,0
24447,1
24448,0
24449,1
24450,0
24451,1
24452,0
24453,1
24454,0
24455,1
24456,0
24457,1
24459,0
24460,1
24461,0
24462,1
24464,0
24465,1
24466,0
24467,1
24468,0
24469,1
24471,0
24472,1
24473,0
24474,1
24475,0
24476,1
24477,0
24479,1
24480,0
24481,1
24483,0
24484,1
24486,0
24487,1
24488,0
24489,1
24490,0
24491,1
24492,0
24493,1
24494,0
24495,1
24496,0
24497,1
24498,0
24499,1
24500,0
24501,1
24502,0
24503,1
24504,0
24505,1
24506,0
24507,1
24508,0
24510,1
24511,0
24512,1
24513,0
24514,1
24515,0
24516,1
24518,0
24519,1
24520,0
24521,1
24522,0
24524,1
24525,0
24526,1
24527,0
24528,1
24529,0
24530,1
24531,0
24532,1
24534,0
24536,1
24538,0
24540,1
24542,0
24543,1
24544,0
24545,1
24546,0
24547,1
24548,0
24549,1
24550,0
24551,1
24552,0
24555,1
24556,0
24557,1
24558,0
24560,1
24563,0
24564,1
24565,0
24566,1
24567,0
24570,1
24571,0
24572,1
24574,0
24575,1
24576,0
24577,1
24579,0
24581,1
24583,0
24585,1
24586,0
24587,1
24588,0
24589,1
24592,0
24593,1
24594,0
24595,1
24596,0
24597,1
24598,0
24599,1
24601,0
24603,1
24604,0
24606,1
24607,0
24608,1
24610,0
24613,1
24614,0
24615,1
24616,0
24617,1
24618,0
24619,1
24620,0
24621,1
24622,0
24623,1
24624,0
24625,1
24626,0
24629,1
24632,0
24635,1
24636,0
24638,1
24639,0
24640,1
24641,0
24642,1
24643,0
24644,1
24646,0
24647,1
24648,0
24650,1
24651,0
24653,1
24655,0
24656,1
24657,0
24659,1
24660,0
24661,1
24662,0
24663,1
24664,0
24665,1
24667,0
24668,1
24671,0
24672,1
24673,0
24676,1
24677,0
24678,1
24679,0
24680,1
24681,0
24682,1
24683,0
24685,1
24686,0
24687,1
24688,0
24689,1
24690,0
24691,1
24697,0
24699,1
24700,0
24701,1
24702,0
24703,1
24705,0
24706,1
24707,0
24708,1
24709,0
24710,1
24711,0
24712,1
24713,0
24715,1
24716,0
24717,1
24719,0
24723,1
24724,0
24725,1
24727,0
24728,1
24729,0
24730,1
24732,0
24734,1
24736,0
24737,1
24738,0
24739,1
24740,0
24741,1
24743,0
24745,1
24746,0
24747,1
24748,0
24749,1
24750,0
24752,1
24753,0
24754,1
24755,0
24756,1
24758,0
24759,1
24761,0
24765,1
24766,0
24767,1
24768,0
24770,1
24771,0
24773,1
24774,0
24775,1
24779,0
24780,1
24781,0
24787,1
24788,0
24789,1
24790,0
24791,1
24792,0
24794,1
24796,0
24798,1
24799,0
24801,1
24802,0
24804,1
24805,0
24806,1
24808,0
24809,1
24810,0
24811,1
24812,0
24815,1
24816,0
24817,1
24819,0
24820,1
24821,0
24823,1
24824,0
24825,1
24827,0
24828,1
24829,0
24830,1
24831,0
24832,1
24834,0
24835,1
24837,0
24838,1
24839,0
24840,1
24841,0
24842,1
24843,0
24845,1
24846,0
24848,1
24849,0
24850,1
24851,0
24852,1
24853,0
24856,1
24857,0
24859,1
24860,0
24861,1
24862,0
24865,1
24867,0
24868,1
24869,0
24870,1
24871,0
24872,1
24874,0
24875,1
24876,0
24877,1
24878,0
24881,1
24882,0
24883,1
24884,0
24885,1
24888,0
24889,1
24890,0
24892,1
24894,0
24895,1
24896,0
24897,1
24898,0
24899,1
24900,0
24901,1
24902,0
24903,1
24904,0
24905,1
24906,0
24907,1
24908,0
24909,1
24910,0
24911,1
24912,0
24913,1
24914,0
24915,1
24916,0
24917,1
24918,0
24919,1
24921,0
24922,1
24923,0
24924,1
24927,0
24929,1
24932,0
24933,1
24934,0
24935,1
24936,0
24937,1
24938,0
24940,1
24941,0
24942,1
24944,0
24945,1
24946,0
24948,1
24951,0
24953,1
24954,0
24955,1
24957,0
24960,1
24961,0
24963,1
24964,0
24965,1
24966,0
24967,1
24971,0
24973,1
24974,0
24975,1
24976,0
24977,1
24978,0
24979,1
24980,0
24981,1
24984,0
24985,1
24986,0
24987,1
24988,0
24990,1
24992,0
24993,1
24994,0
24996,1
24997,0
24998,1
24999,0
25000,1
25001,0
25003,1
25006,0
25007,1
25009,0
25010,1
25011,0
25012,1
25014,0
25015,1
25016,0
25018,1
25021,0
25022,1
25023,0
25025,1
25027,0
25028,1
25029,0
25030,1
25032,0
25033,1
25034,0
25035,1
25036,0
25037,1
25038,0
25039,1
25040,0
25041,1
25042,0
25043,1
25044,0
25045,1
25047,0
25049,1
25050,0
25051,1
25052,0
25054,1
25055,0
25056,1
25057,0
25058,1
25059,0
25063,1
25064,0
25066,1
25067,0
25068,1
25071,0
25072,1
25073,0
25074,1
25075,0
25076,1
25079,0
25081,1
25082,0
25083,1
25084,0
25085,1
25086,0
25087,1
25088,0
25089,1
25090,0
25091,1
25092,0
25093,1
25094,0
25095,1
25096,0
25097,1
25098,0
25099,1
25101,0
25105,1
25108,0
25109,1
25110,0
25111,1
25112,0
25113,1
25114,0
25116,1
25117,0
25118,1
25119,0
25120,1
25122,0
25123,1
25124,0
25125,1
25126,0
25127,1
25128,0
25129,1
25130,0
25134,1
25135,0
25139,1
25141,0
25142,1
25143,0
25144,1
25145,0
25147,1
25148,0
25149,1
25150,0
25152,1
25154,0
25155,1
25156,0
25157,1
25158,0
25159,1
25162,0
25164,1
25166,0
25168,1
25169,0
25170,1
25171,0
25172,1
25173,0
25174,1
25175,0
25176,1
25177,0
25178,1
25179,0
25181,1
25183,0
25185,1
25186,0
25187,1
25188,0
25190,1
25191,0
25192,1
25193,0
25194,1
25198,0
25199,1
25201,0
25202,1
25204,0
25205,1
25206,0
25207,1
25208,0
25209,1
25210,0
25211,1
25212,0
25213,1
25214,0
25215,1
25216,0
25218,1
25220,0
25221,1
25223,0
25224,1
25225,0
25226,1
25227,0
25228,1
25229,0
25230,1
25233,0
25234,1
25235,0
25236,1
25237,0
25238,1
25239,0
25240,1
25241,0
25242,1
25244,0
25245,1
25246,0
25247,1
25248,0
25249,1
25250,0
25252,1
25253,0
25255,1
25256,0
25257,1
25258,0
25259,1
25260,0
25261,1
25265,0
25266,1
25267,0
25268,1
25270,0
25271,1
25272,0
25273,1
25274,0
25275,1
25278,0
25279,1
25280,0
25282,1
25283,0
25284,1
25285,0
25286,1
25287,0
25288,1
25289,0
25290,1
25292,0
25293,1
25294,0
25296,1
25297,0
25298,1
25299,0
25300,1
25302,0
25303,1
25304,0
25305,1
25306,0
25307,1
25308,0
25309,1
25310,0
25311,1
25312,0
25313,1
25314,0
25316,1
25317,0
25318,1
25319,0
25320,1
25321,0
25322,1
25323,0
25325,1
25326,0
25328,1
25329,0
25330,1
25331,0
25332,1
25333,0
25334,1
25335,0
25336,1
25337,0
25338,1
25340,0
25345,1
25348,0
25351,1
25352,0
25354,1
25356,0
25357,1
25358,0
25360,1
25361,0
25363,1
25364,0
25365,1
25366,0
25367,1
25368,0
25369,1
25370,0
25371,1
25372,0
25373,1
25376,0
25378,1
25380,0
25381,1
25382,0
25384,1
25386,0
25387,1
25389,0
25390,1
25391,0
25392,1
25394,0
25395,1
25396,0
25397,1
25398,0
25399,1
25402,0
25404,1
25405,0
25406,1
25407,0
25408,1
25409,0
25410,1
25411,0
25412,1
25413,0
25414,1
25415,0
25417,1
25418,0
25419,1
25421,0
25423,1
25425,0
25426,1
25427,0
25429,1
25430,0
25432,1
25434,0
25436,1
25438,0
25440,1
25441,0
25442,1
25443,0
25444,1
25446,0
25447,1
25448,0
25450,1
25452,0
25454,1
25455,0
25456,1
25457,0
25459,1
25460,0
25462,1
25466,0
25467,1
25468,0
25470,1
25471,0
25472,1
25473,0
25474,1
25475,0
25476,1
25477,0
25480,1
25481,0
25482,1
25484,0
25485,1
25486,0
25487,1
25488,0
25489,1
25490,0
25491,1
25494,0
25495,1
25496,0
25497,1
25498,0
25499,1
25500,0
25501,1
25502,0
25503,1
25504,0
25505,1
25507,0
25508,1
25511,0
25512,1
25513,0
25514,1
25515,0
25517,1
25518,0
25520,1
25522,0
25523,1
25525,0
25526,1
25527,0
25528,1
25529,0
25530,1
25532,0
25533,1
25538,0
25541,1
25542,0
25543,1
25544,0
25545,1
25547,0
25550,1
25553,0
25555,1
25556,0
25557,1
25558,0
25559,1
25560,0
25562,1
25563,0
25564,1
25565,0
25566,1
25569,0
25570,1
25571,0
25572,1
25573,0
25574,1
25575,0
25576,1
25577,0
25579,1
25581,0
25584,1
25586,0
25587,1
25588,0
25589,1
25590,0
25591,1
25593,0
25594,1
25596,0
25599,1
25600,0
25601,1
25602,0
25603,1
25604,0
25605,1
25606,0
25607,1
25608,0
25609,1
25611,0
25613,1
25614,0
25615,1
25616,0
25618,1
25619,0
25620,1
25621,0
25622,1
25623,0
25625,1
25629,0
25630,1
25631,0
25634,1
25636,0
25638,1
25639,0
25640,1
25641,0
25642,1
25643,0
25644,1
25645,0
25647,1
25648,0
25649,1
25650,0
25651,1
25653,0
25654,1
25655,0
25656,1
25657,0
25658,1
25659,0
25660,1
25662,0
25664,1
25667,0
25668,1
25669,0
25670,1
25671,0
25672,1
25673,0
25674,1
25675,0
25676,1
25677,0
25678,1
25679,0
25680,1
25681,0
25682,1
25683,0
25684,1
25686,0
25687,1
25688,0
25689,1
25690,0
25691,1
25692,0
25693,1
25694,0
25695,1
25696,0
25697,1
25698,0
25700,1
25701,0
25705,1
25706,0
25707,1
25708,0
25709,1
25710,0
25711,1
25712,0
25713,1
25714,0
25715,1
25717,0
25719,1
25720,0
25722,1
25723,0
25724,1
25726,0
25727,1
25728,0
25733,1
25734,0
25735,1
25737,0
25738,1
25739,0
25740,1
25741,0
25742,1
25743,0
25744,1
25745,0
25746,1
25747,0
25749,1
25750,0
25751,1
25753,0
25755,1
25757,0
25759,1
25760,0
25761,1
25762,0
25764,1
25765,0
25766,1
25767,0
25768,1
25770,0
25771,1
25772,0
25773,1
25774,0
25775,1
25777,0
25778,1
25779,0
25780,1
25783,0
25784,1
25785,0
25786,1
25787,0
25788,1
25790,0
25791,1
25792,0
25793,1
25795,0
25796,1
25797,0
25798,1
25800,0
25801,1
25802,0
25803,1
25804,0
25806,1
25807,0
25808,1
25809,0
25810,1
25811,0
25812,1
25813,0
25814,1
25817,0
25819,1
25821,0
25822,1
25823,0
25824,1
25825,0
25828,1
25832,0
25833,1
25835,0
25836,1
25837,0
25839,1
25840,0
25841,1
25842,0
25843,1
25844,0
25846,1
25850,0
25851,1
25853,0
25854,1
25855,0
25857,1
25858,0
25860,1
25861,0
25862,1
25863,0
25867,1
25868,0
25872,1
25873,0
25874,1
25875,0
25876,1
25877,0
25879,1
25880,0
25881,1
25882,0
25883,1
25885,0
25886,1
25887,0
25888,1
25889,0
25890,1
25891,0
25893,1
25894,0
25896,1
25897,0
25899,1
25900,0
25901,1
25903,0
25904,1
25906,0
25907,1
25908,0
25909,1
25913,0
25914,1
25915,0
25916,1
25917,0
25919,1
25921,0
25923,1
25924,0
25925,1
25926,0
25927,1
25928,0
25931,1
25932,0
25933,1
25935,0
25936,1
25937,0
25938,1
25939,0
25940,1
25941,0
25942,1
25943,0
25944,1
25947,0
25949,1
25950,0
25951,1
25952,0
25954,1
25955,0
25957,1
25958,0
25960,1
25961,0
25962,1
25963,0
25964,1
25968,0
25969,1
25971,0
25973,1
25974,0
25975,1
25976,0
25977,1
25978,0
25979,1
25981,0
25982,1
25983,0
25984,1
25985,0
25986,1
25987,0
25989,1
25990,0
25991,1
25992,0
25993,1
25995,0
25996,1
25998,0
25999,1
26002,0
26003,1
26004,0
26005,1
26006,0
26008,1
26010,0
26012,1
26013,0
26015,1
26016,0
26017,1
26018,0
26019,1
26020,0
26022,1
26023,0
26024,1
26025,0
26027,1
26028,0
26029,1
26030,0
26032,1
26033,0
26034,1
26036,0
26037,1
26038,0
26039,1
26040,0
26042,1
26043,0
26044,1
26046,0
26047,1
26048,0
26049,1
26050,0
26053,1
26054,0
26055,1
26056,0
26061,1
26063,0
26065,1
26068,0
26070,1
26071,0
26072,1
26074,0
26075,1
26076,0
26077,1
26078,0
26080,1
26081,0
26082,1
26083,0
26084,1
26085,0
26086,1
26087,0
26088,1
26090,0
26091,1
26092,0
26093,1
26094,0
26096,1
26098,0
26099,1
26101,0
26103,1
26104,0
26105,1
26106,0
26107,1
26109,0
26111,1
26113,0
26114,1
26116,0
26117,1
26118,0
26119,1
26120,0
26121,1
26122,0
26123,1
26124,0
26125,1
26128,0
26129,1
26132,0
26133,1
26134,0
26135,1
26137,0
26138,1
26139,0
26140,1
26141,0
26142,1
26143,0
26144,1
26145,0
26146,1
26147,0
26148,1
26149,0
26150,1
26152,0
26154,1
26155,0
26156,1
26157,0
26158,1
26159,0
26160,1
26161,0
26163,1
26164,0
26165,1
26166,0
26167,1
26168,0
26169,1
26173,0
26174,1
26175,0
26176,1
26177,0
26178,1
26179,0
26181,1
26183,0
26184,1
26185,0
26187,1
26188,0
26190,1
26192,0
26193,1
26194,0
26196,1
26198,0
26199,1
26200,0
26201,1
26202,0
26203,1
26204,0
26205,1
26207,0
26209,1
26210,0
26212,1
26213,0
26214,1
26215,0
26216,1
26219,0
26220,1
26222,0
26223,1
26225,0
26227,1
26228,0
26229,1
26230,0
26231,1
26233,0
26236,1
26237,0
26238,1
26239,0
26240,1
26242,0
26243,1
26244,0
26245,1
26246,0
26247,1
26248,0
26249,1
26250,0
26251,1
26252,0
26254,1
26255,0
26256,1
26257,0
26258,1
26260,0
26263,1
26264,0
26265,1
26266,0
26269,1
26270,0
26271,1
26272,0
26273,1
26274,0
26276,1
26277,0
26278,1
26279,0
26280,1
26281,0
26282,1
26284,0
26287,1
26288,0
26289,1
26290,0
26291,1
26292,0
26294,1
26296,0
26297,1
26298,0
26299,1
26300,0
26301,1
26302,0
26303,1
26304,0
26305,1
26307,0
26308,1
26309,0
26310,1
26311,0
26312,1
26314,0
26315,1
26317,0
26318,1
26319,0
26321,1
26322,0
26324,1
26325,0
26326,1
26328,0
26329,1
26330,0
26333,1
26336,0
26337,1
26338,0
26341,1
26342,0
26343,1
26344,0
26345,1
26346,0
26348,1
26349,0
26350,1
26352,0
26353,1
26354,0
26355,1
26356,0
26357,1
26358,0
26360,1
26361,0
26363,1
26365,0
26366,1
26367,0
26368,1
26371,0
26372,1
26375,0
26379,1
26380,0
26381,1
26382,0
26383,1
26385,0
26386,1
26387,0
26388,1
26389,0
26390,1
26393,0
26394,1
26395,0
26397,1
26398,0
26399,1
26400,0
26401,1
26403,0
26404,1
26405,0
26406,1
26410,0
26411,1
26412,0
26413,1
26414,0
26415,1
26416,0
26418,1
26421,0
26422,1
26423,0
26424,1
26428,0
26431,1
26432,0
26433,1
26434,0
26435,1
26436,0
26438,1
26439,0
26440,1
26441,0
26443,1
26444,0
26445,1
26449,0
26450,1
26451,0
26452,1
26453,0
26454,1
26455,0
26456,1
26457,0
26458,1
26460,0
26463,1
26465,0
26466,1
26468,0
26470,1
26473,0
26475,1
26476,0
26477,1
26478,0
26480,1
26481,0
26483,1
26485,0
26487,1
26488,0
26489,1
26490,0
26491,1
26493,0
26494,1
26496,0
26497,1
26498,0
26499,1
26503,0
26504,1
26506,0
26507,1
26509,0
26510,1
26511,0
26512,1
26513,0
26514,1
26515,0
26516,1
26518,0
26520,1
26521,0
26522,1
26523,0
26525,1
26527,0
26528,1
26530,0
26531,1
26532,0
26533,1
26534,0
26535,1
26537,0
26538,1
26540,0
26541,1
26542,0
26543,1
26545,0
26546,1
26547,0
26548,1
26550,0
26552,1
26553,0
26555,1
26557,0
26558,1
26560,0
26561,1
26562,0
26563,1
26564,0
26565,1
26567,0
26570,1
26572,0
26573,1
26574,0
26575,1
26576,0
26577,1
26578,0
26579,1
26581,0
26582,1
26583,0
26586,1
26587,0
26588,1
26589,0
26591,1
26592,0
26593,1
26594,0
26595,1
26596,0
26597,1
26598,0
26600,1
26601,0
26602,1
26603,0
26604,1
26606,0
26607,1
26608,0
26611,1
26613,0
26615,1
26617,0
26618,1
26619,0
26620,1
26621,0
26622,1
26623,0
26624,1
26625,0
26627,1
26629,0
26633,1
26635,0
26636,1
26637,0
26639,1
26642,0
26643,1
26644,0
26646,1
26647,0
26648,1
26649,0
26650,1
26652,0
26653,1
26654,0
26655,1
26656,0
26657,1
26658,0
26659,1
26660,0
26661,1
26662,0
26663,1
26664,0
26665,1
26666,0
26667,1
26668,0
26669,1
26670,0
26671,1
26672,0
26674,1
26675,0
26676,1
26677,0
26679,1
26682,0
26684,1
26685,0
26686,1
26687,0
26689,1
26690,0
26691,1
26692,0
26694,1
26696,0
26697,1
26699,0
26701,1
26702,0
26704,1
26705,0
26710,1
26711,0
26712,1
26713,0
26715,1
26716,0
26718,1
26719,0
26721,1
26723,0
26725,1
26726,0
26729,1
26732,0
26733,1
26735,0
26738,1
26739,0
26740,1
26742,0
26743,1
26744,0
26745,1
26746,0
26747,1
26748,0
26749,1
26750,0
26751,1
26752,0
26753,1
26756,0
26757,1
26758,0
26759,1
26760,0
26761,1
26762,0
26763,1
26764,0
26765,1
26766,0
26768,1
26770,0
26772,1
26773,0
26774,1
26775,0
26776,1
26777,0
26778,1
26779,0
26780,1
26782,0
26783,1
26784,0
26787,1
26788,0
26791,1
26792,0
26794,1
26795,0
26796,1
26797,0
26799,1
26801,0
26803,1
26804,0
26805,1
26806,0
26808,1
26809,0
26810,1
26812,0
26813,1
26814,0
26815,1
26816,0
26819,1
26821,0
26822,1
26823,0
26824,1
26825,0
26826,1
26827,0
26830,1
26832,0
26834,1
26836,0
26837,1
26838,0
26839,1
26840,0
26841,1
26842,0
26843,1
26844,0
26845,1
26846,0
26847,1
26848,0
26849,1
26851,0
26853,1
26855,0
26856,1
26857,0
26858,1
26859,0
26860,1
26861,0
26862,1
26863,0
26865,1
26866,0
26867,1
26868,0
26869,1
26870,0
26871,1
26872,0
26874,1
26875,0
26877,1
26878,0
26879,1
26880,0
26881,1
26882,0
26884,1
26885,0
26886,1
26887,0
26888,1
26889,0
26890,1
26894,0
26895,1
26897,0
26898,1
26899,0
26902,1
26903,0
26904,1
26906,0
26907,1
26908,0
26909,1
26910,0
26913,1
26916,0
26918,1
26920,0
26922,1
26923,0
26926,1
26927,0
26928,1
26930,0
26932,1
26933,0
26934,1
26935,0
26937,1
26938,0
26939,1
26940,0
26943,1
26944,0
26947,1
26948,0
26949,1
26950,0
26951,1
26952,0
26953,1
26954,0
26957,1
26958,0
26960,1
26961,0
26962,1
26963,0
26964,1
26967,0
26969,1
26970,0
26971,1
26973,0
26974,1
26975,0
26976,1
26977,0
26979,1
26980,0
26981,1
26982,0
26984,1
26986,0
26987,1
26988,0
26989,1
26990,0
26991,1
26992,0
26993,1
26994,0
26995,1
26997,0
26998,1
26999,0
27000,1
27001,0
27002,1
27003,0
27004,1
27005,0
27006,1
27009,0
27010,1
27012,0
27013,1
27014,0
27015,1
27016,0
27017,1
27018,0
27019,1
27021,0
27022,1
27023,0
27024,1
27027,0
27030,1
27031,0
27032,1
27033,0
27034,1
27035,0
27036,1
27037,0
27038,1
27039,0
27040,1
27042,0
27043,1
27045,0
27046,1
27047,0
27048,1
27049,0
27051,1
27052,0
27053,1
27054,0
27055,1
27057,0
27060,1
27063,0
27065,1
27067,0
27071,1
27072,0
27073,1
27075,0
27078,1
27080,0
27081,1
27084,0
27086,1
27088,0
27089,1
27090,0
27091,1
27092,0
27094,1
27096,0
27097,1
27098,0
27099,1
27100,0
27103,1
27104,0
27105,1
27106,0
27107,1
27108,0
27109,1
27110,0
27111,1
27114,0
27115,1
27116,0
27117,1
27119,0
27120,1
27121,0
27122,1
27123,0
27125,1
27126,0
27127,1
27128,0
27131,1
27132,0
27134,1
27135,0
27138,1
27139,0
27141,1
27142,0
27143,1
27144,0
27145,1
27147,0
27149,1
27151,0
27152,1
27155,0
27156,1
27158,0
27159,1
27160,0
27161,1
27162,0
27163,1
27164,0
27165,1
27166,0
27170,1
27171,0
27172,1
27174,0
27175,1
27176,0
27177,1
27178,0
27179,1
27180,0
27181,1
27183,0
27184,1
27185,0
27186,1
27189,0
27190,1
27193,0
27194,1
27195,0
27197,1
27198,0
27199,1
27200,0
27202,1
27203,0
27204,1
27206,0
27207,1
27209,0
27210,1
27211,0
27213,1
27214,0
27215,1
27217,0
27219,1
27220,0
27221,1
27222,0
27223,1
27224,0
27226,1
27227,0
27228,1
27229,0
27231,1
27234,0
27235,1
27237,0
27239,1
27240,0
27241,1
27242,0
27244,1
27246,0
27247,1
27248,0
27250,1
27251,0
27253,1
27254,0
27256,1
27257,0
27258,1
27259,0
27260,1
27261,0
27262,1
27263,0
27264,1
27265,0
27267,1
27268,0
27270,1
27271,0
27272,1
27273,0
27276,1
27279,0
27280,1
27281,0
27282,1
27283,0
27286,1
27288,0
27289,1
27293,0
27294,1
27295,0
27296,1
27297,0
27298,1
27299,0
27301,1
27302,0
27303,1
27304,0
27305,1
27306,0
27307,1
27309,0
27310,1
27312,0
27313,1
27314,0
27315,1
27316,0
27318,1
27320,0
27322,1
27323,0
27326,1
27327,0
27328,1
27329,0
27330,1
27335,0
27337,1
27338,0
27339,1
27340,0
27341,1
27342,0
27343,1
27344,0
27345,1
27346,0
27347,1
27348,0
27350,1
27351,0
27353,1
27355,0
27356,1
27357,0
27358,1
27360,0
27361,1
27363,0
27364,1
27365,0
27366,1
27367,0
27368,1
27369,0
27370,1
27371,0
27372,1
27373,0
27374,1
27375,0
27377,1
27378,0
27379,1
27381,0
27382,1
27383,0
27384,1
27385,0
27387,1
27388,0
27389,1
27390,0
27395,1
27396,0
27397,1
27399,0
27401,1
27402,0
27403,1
27404,0
27405,1
27406,0
27412,1
27413,0
27414,1
27416,0
27417,1
27418,0
27419,1
27422,0
27424,1
27426,0
27428,1
27429,0
27430,1
27431,0
27432,1
27433,0
27434,1
27435,0
27436,1
27437,0
27439,1
27440,0
27441,1
27443,0
27445,1
27446,0
27447,1
27448,0
27449,1
27450,0
27451,1
27452,0
27453,1
27454,0
27455,1
27456,0
27457,1
27458,0
27459,1
27460,0
27461,1
27462,0
27463,1
27464,0
27466,1
27468,0
27469,1
27470,0
27471,1
27472,0
27474,1
27476,0
27477,1
27478,0
27482,1
27483,0
27484,1
27485,0
27488,1
27489,0
27490,1
27492,0
27493,1
27494,0
27496,1
27497,0
27498,1
27500,0
27501,1
27502,0
27504,1
27505,0
27506,1
27508,0
27510,1
27511,0
27513,1
27514,0
27515,1
27516,0
27517,1
27518,0
27520,1
27523,0
27524,1
27526,0
27527,1
27528,0
27529,1
27532,0
27533,1
27534,0
27535,1
27536,0
27537,1
27538,0
27540,1
27541,0
27542,1
27543,0
27544,1
27545,0
27546,1
27547,0
27548,1
27550,0
27551,1
27554,0
27557,1
27558,0
27559,1
27564,0
27565,1
27566,0
27567,1
27568,0
27570,1
27571,0
27572,1
27573,0
27576,1
27577,0
27578,1
27579,0
27580,1
27581,0
27583,1
27584,0
27585,1
27587,0
27589,1
27590,0
27591,1
27592,0
27596,1
27598,0
27599,1
27600,0
27601,1
27602,0
27603,1
27608,0
27609,1
27610,0
27611,1
27612,0
27613,1
27614,0
27615,1
27616,0
27617,1
27618,0
27619,1
27620,0
27621,1
27622,0
27624,1
27626,0
27627,1
27629,0
27631,1
27632,0
27633,1
27634,0
27635,1
27636,0
27637,1
27638,0
27639,1
27640,0
27642,1
27643,0
27644,1
27646,0
27648,1
27649,0
27650,1
27651,0
27652,1
27653,0
27656,1
27657,0
27658,1
27659,0
27660,1
27662,0
27664,1
27665,0
27667,1
27668,0
27669,1
27670,0
27672,1
27673,0
27674,1
27675,0
27676,1
27677,0
27678,1
27680,0
27681,1
27682,0
27683,1
27684,0
27685,1
27686,0
27688,1
27692,0
27695,1
27696,0
27697,1
27698,0
27699,1
27700,0
27701,1
27702,0
27703,1
27704,0
27708,1
27711,0
27712,1
27713,0
27716,1
27717,0
27718,1
27720,0
27721,1
27722,0
27724,1
27726,0
27727,1
27728,0
27729,1
27732,0
27733,1
27734,0
27735,1
27736,0
27737,1
27739,0
27740,1
27741,0
27742,1
27744,0
27748,1
27749,0
27750,1
27751,0
27752,1
27753,0
27754,1
27755,0
27758,1
27759,0
27760,1
27761,0
27762,1
27763,0
27764,1
27767,0
27769,1
27770,0
27772,1
27774,0
27775,1
27776,0
27778,1
27779,0
27780,1
27781,0
27782,1
27784,0
27785,1
27786,0
27787,1
27790,0
27791,1
27792,0
27793,1
27794,0
27796,1
27799,0
27800,1
27801,0
27802,1
27803,0
27804,1
27805,0
27806,1
27808,0
27809,1
27811,0
27812,1
27813,0
27815,1
27816,0
27817,1
27818,0
27819,1
27820,0
27821,1
27822,0
27826,1
27827,0
27829,1
27830,0
27834,1
27835,0
27836,1
27839,0
27840,1
27842,0
27843,1
27845,0
27846,1
27847,0
27850,1
27851,0
27852,1
27853,0
27854,1
27855,0
27857,1
27860,0
27861,1
27862,0
27864,1
27866,0
27867,1
27869,0
27870,1
27871,0
27872,1
27873,0
27874,1
27876,0
27877,1
27880,0
27881,1
27882,0
27884,1
27885,0
27886,1
27888,0
27889,1
27891,0
27893,1
27894,0
27895,1
27896,0
27897,1
27898,0
27899,1
27900,0
27901,1
27902,0
27903,1
27904,0
27906,1
27908,0
27909,1
27910,0
27911,1
27912,0
27913,1
27915,0
27916,1
27918,0
27919,1
27920,0
27921,1
27922,0
27923,1
27924,0
27925,1
27926,0
27927,1
27929,0
27931,1
27932,0
27934,1
27935,0
27936,1
27939,0
27940,1
27941,0
27945,1
27947,0
27948,1
27949,0
27951,1
27952,0
27954,1
27955,0
27956,1
27957,0
27960,1
27962,0
27963,1
27964,0
27965,1
27966,0
27969,1
27970,0
27971,1
27972,0
27973,1
27975,0
27976,1
27977,0
27979,1
27980,0
27982,1
27983,0
27984,1
27985,0
27986,1
27987,0
27988,1
27990,0
27991,1
27992,0
27995,1
27997,0
27999,1
28001,0
28002,1
28003,0
28004,1
28005,0
28007,1
28008,0
28009,1
28011,0
28012,1
28013,0
28014,1
28015,0
28016,1
28017,0
28019,1
28021,0
28022,1
28023,0
28025,1
28026,0
28028,1
28029,0
28031,1
28032,0
28034,1
28035,0
28036,1
28037,0
28038,1
28040,0
28041,1
28042,0
28043,1
28044,0
28045,1
28046,0
28047,1
28048,0
28049,1
28052,0
28054,1
28055,0
28056,1
28057,0
28058,1
28059,0
28060,1
28062,0
28063,1
28064,0
28065,1
28066,0
28068,1
28069,0
28070,1
28071,0
28072,1
28073,0
28075,1
28076,0
28077,1
28078,0
28079,1
28080,0
28081,1
28082,0
28083,1
28085,0
28086,1
28087,0
28088,1
28089,0
28091,1
28094,0
28095,1
28096,0
28097,1
28098,0
28099,1
28100,0
28103,1
28104,0
28105,1
28106,0
28107,1
28108,0
28110,1
28112,0
28114,1
28115,0
28118,1
28120,0
28121,1
28123,0
28124,1
28125,0
28126,1
28131,0
28133,1
28134,0
28136,1
28137,0
28138,1
28140,0
28143,1
28144,0
28145,1
28146,0
28147,1
28148,0
28149,1
28151,0
28152,1
28154,0
28155,1
28156,0
28157,1
28158,0
28159,1
28160,0
28161,1
28163,0
28164,1
28165,0
28166,1
28167,0
28168,1
28170,0
28171,1
28172,0
28173,1
28176,0
28179,1
28180,0
28181,1
28182,0
28183,1
28185,0
28186,1
28190,0
28191,1
28192,0
28194,1
28195,0
28196,1
28197,0
28198,1
28199,0
28200,1
28201,0
28202,1
28203,0
28206,1
28207,0
28208,1
28210,0
28211,1
28212,0
28213,1
28214,0
28216,1
28217,0
28219,1
28220,0
28221,1
28223,0
28225,1
28226,0
28228,1
28229,0
28231,1
28232,0
28233,1
28234,0
28235,1
28236,0
28237,1
28238,0
28240,1
28241,0
28242,1
28244,0
28246,1
28247,0
28249,1
28250,0
28251,1
28252,0
28254,1
28255,0
28256,1
28257,0
28258,1
28259,0
28260,1
28261,0
28262,1
28263,0
28264,1
28265,0
28266,1
28267,0
28268,1
28269,0
28270,1
28271,0
28272,1
28274,0
28275,1
28276,0
28277,1
28278,0
28279,1
28280,0
28281,1
28282,0
28283,1
28284,0
28285,1
28288,0
28293,1
28294,0
28296,1
28297,0
28298,1
28299,0
28300,1
28301,0
28305,1
28306,0
28307,1
28310,0
28311,1
28312,0
28313,1
28314,0
28316,1
28317,0
28319,1
28321,0
28322,1
28323,0
28324,1
28325,0
28326,1
28327,0
28328,1
28329,0
28330,1
28331,0
28332,1
28334,0
28336,1
28338,0
28340,1
28341,0
28342,1
28343,0
28344,1
28346,0
28347,1
28350,0
28352,1
28354,0
28355,1
28356,0
28358,1
28360,0
28361,1
28362,0
28363,1
28364,0
28365,1
28366,0
28367,1
28368,0
28369,1
28370,0
28372,1
28373,0
28374,1
28375,0
28377,1
28379,0
28381,1
28384,0
28385,1
28386,0
28388,1
28389,0
28391,1
28393,0
28396,1
28398,0
28399,1
28400,0
28401,1
28402,0
28403,1
28404,0
28405,1
28407,0
28411,1
28414,0
28415,1
28416,0
28417,1
28419,0
28420,1
28421,0
28422,1
28423,0
28424,1
28425,0
28427,1
28429,0
28430,1
28431,0
28432,1
28433,0
28434,1
28435,0
28436,1
28439,0
28440,1
28442,0
28443,1
28444,0
28445,1
28446,0
28448,1
28449,0
28451,1
28452,0
28453,1
28454,0
28456,1
28457,0
28458,1
28460,0
28461,1
28462,0
28463,1
28465,0
28466,1
28467,0
28468,1
28469,0
28470,1
28471,0
28472,1
28474,0
28475,1
28477,0
28478,1
28479,0
28481,1
28482,0
28483,1
28486,0
28487,1
28488,0
28489,1
28490,0
28492,1
28493,0
28494,1
28495,0
28497,1
28499,0
28500,1
28501,0
28502,1
28503,0
28505,1
28506,0
28510,1
28511,0
28513,1
28514,0
28516,1
28517,0
28520,1
28521,0
28522,1
28523,0
28524,1
28526,0
28527,1
28528,0
28529,1
28532,0
28533,1
28534,0
28535,1
28536,0
28538,1
28539,0
28540,1
28542,0
28543,1
28544,0
28545,1
28547,0
28550,1
28551,0
28552,1
28553,0
28555,1
28556,0
28558,1
28559,0
28560,1
28561,0
28562,1
28564,0
28566,1
28567,0
28569,1
28570,0
28571,1
28573,0
28575,1
28576,0
28577,1
28578,0
28579,1
28581,0
28582,1
28583,0
28584,1
28585,0
28589,1
28590,0
28591,1
28592,0
28593,1
28594,0
28597,1
28598,0
28600,1
28601,0
28602,1
28603,0
28604,1
28605,0
28606,1
28607,0
28609,1
28610,0
28612,1
28614,0
28615,1
28617,0
28619,1
28620,0
28621,1
28622,0
28624,1
28625,0
28626,1
28629,0
28630,1
28633,0
28634,1
28635,0
28636,1
28637,0
28638,1
28639,0
28640,1
28642,0
28643,1
28644,0
28645,1
28647,0
28648,1
28649,0
28650,1
28652,0
28653,1
28654,0
28655,1
28657,0
28658,1
28659,0
28660,1
28661,0
28662,1
28663,0
28664,1
28665,0
28666,1
28667,0
28668,1
28669,0
28670,1
28671,0
28672,1
28673,0
28675,1
28676,0
28677,1
28678,0
28679,1
28680,0
28682,1
28684,0
28686,1
28688,0
28689,1
28690,0
28691,1
28692,0
28693,1
28699,0
28700,1
28702,0
28703,1
28704,0
28706,1
28708,0
28709,1
28710,0
28712,1
28713,0
28714,1
28715,0
28717,1
28718,0
28719,1
28720,0
28722,1
28723,0
28724,1
28725,0
28727,1
28728,0
28729,1
28730,0
28732,1
28733,0
28734,1
28736,0
28737,1
28738,0
28739,1
28740,0
28741,1
28743,0
28747,1
28748,0
28753,1
28756,0
28758,1
28759,0
28761,1
28763,0
28765,1
28766,0
28767,1
28768,0
28769,1
28770,0
28771,1
28773,0
28775,1
28776,0
28777,1
28778,0
28780,1
28782,0
28783,1
28784,0
28785,1
28786,0
28787,1
28788,0
28789,1
28790,0
28791,1
28792,0
28793,1
28794,0
28797,1
28798,0
28799,1
28801,0
28803,1
28804,0
28805,1
28806,0
28810,1
28811,0
28812,1
28813,0
28814,1
28816,0
28818,1
28819,0
28820,1
28822,0
28826,1
28828,0
28829,1
28830,0
28831,1
28832,0
28833,1
28835,0
28836,1
28837,0
28838,1
28839,0
28840,1
28841,0
28842,1
28844,0
28845,1
28846,0
28847,1
28848,0
28849,1
28850,0
28851,1
28855,0
28856,1
28857,0
28859,1
28860,0
28863,1
28864,0
28865,1
28867,0
28869,1
28870,0
28871,1
28872,0
28873,1
28874,0
28875,1
28877,0
28878,1
28879,0
28880,1
28881,0
28882,1
28884,0
28886,1
28887,0
28888,1
28889,0
28891,1
28893,0
28895,1
28896,0
28897,1
28899,0
28901,1
28902,0
28903,1
28906,0
28908,1
28909,0
28910,1
28912,0
28913,1
28915,0
28916,1
28917,0
28918,1
28919,0
28921,1
28922,0
28924,1
28925,0
28927,1
28931,0
28932,1
28934,0
28935,1
28936,0
28937,1
28939,0
28940,1
28943,0
28945,1
28946,0
28947,1
28949,0
28950,1
28952,0
28953,1
28954,0
28956,1
28957,0
28958,1
28959,0
28960,1
28965,0
28969,1
28970,0
28971,1
28972,0
28973,1
28977,0
28978,1
28980,0
28981,1
28982,0
28983,1
28984,0
28985,1
28986,0
28988,1
28989,0
28991,1
28992,0
28994,1
28995,0
28996,1
28997,0
29000,1
29002,0
29003,1
29004,0
29006,1
29007,0
29009,1
29010,0
29013,1
29014,0
29016,1
29017,0
29018,1
29021,0
29022,1
29023,0
29024,1
29025,0
29027,1
29031,0
29032,1
29033,0
29034,1
29036,0
29039,1
29040,0
29041,1
29042,0
29043,1
29044,0
29045,1
29046,0
29048,1
29049,0
29050,1
29051,0
29052,1
29053,0
29054,1
29055,0
29056,1
29057,0
29058,1
29059,0
29060,1
29062,0
29064,1
29065,0
29066,1
29068,0
29069,1
29070,0
29074,1
29075,0
29076,1
29077,0
29078,1
29079,0
29080,1
29082,0
29083,1
29084,0
29085,1
29086,0
29088,1
29089,0
29091,1
29092,0
29093,1
29094,0
29097,1
29100,0
29101,1
29102,0
29103,1
29104,0
29105,1
29106,0
29107,1
29108,0
29109,1
29110,0
29112,1
29113,0
29114,1
29115,0
29116,1
29117,0
29119,1
29120,0
29123,1
29125,0
29126,1
29128,0
29129,1
29130,0
29131,1
29133,0
29134,1
29136,0
29139,1
29140,0
29142,1
29143,0
29144,1
29145,0
29146,1
29149,0
29150,1
29151,0
29152,1
29153,0
29154,1
29155,0
29156,1
29157,0
29158,1
29160,0
29162,1
29164,0
29165,1
29167,0
29168,1
29170,0
29172,1
29173,0
29176,1
29177,0
29179,1
29180,0
29181,1
29182,0
29183,1
29184,0
29185,1
29186,0
29187,1
29188,0
29190,1
29191,0
29192,1
29194,0
29195,1
29196,0
29197,1
29198,0
29199,1
29200,0
29203,1
29206,0
29207,1
29208,0
29210,1
29211,0
29213,1
29214,0
29215,1
29216,0
29217,1
29219,0
29220,1
29222,0
29223,1
29225,0
29227,1
29228,0
29230,1
29231,0
29232,1
29234,0
29236,1
29237,0
29238,1
29241,0
29242,1
29244,0
29245,1
29246,0
29248,1
29250,0
29251,1
29252,0
29253,1
29254,0
29255,1
29256,0
29257,1
29258,0
29259,1
29260,0
29262,1
29263,0
29264,1
29265,0
29266,1
29267,0
29268,1
29270,0
29272,1
29274,0
29275,1
29276,0
29279,1
29280,0
29282,1
29284,0
29287,1
29288,0
29289,1
29291,0
29292,1
29293,0
29296,1
29300,0
29301,1
29302,0
29305,1
29306,0
29307,1
29308,0
29309,1
29310,0
29311,1
29312,0
29314,1
29317,0
29318,1
29319,0
29320,1
29321,0
29322,1
29324,0
29325,1
29327,0
29329,1
29330,0
29333,1
29334,0
29335,1
29337,0
29338,1
29339,0
29340,1
29341,0
29343,1
29344,0
29345,1
29347,0
29348,1
29349,0
29350,1
29351,0
29355,1
29356,0
29357,1
29358,0
29359,1
29360,0
29361,1
29362,0
29363,1
29364,0
29365,1
29366,0
29368,1
29370,0
29371,1
29372,0
29374,1
29375,0
29376,1
29377,0
29378,1
29379,0
29380,1
29381,0
29382,1
29383,0
29384,1
29385,0
29388,1
29390,0
29391,1
29393,0
29394,1
29395,0
29397,1
29398,0
29399,1
29404,0
29405,1
29406,0
29407,1
29408,0
29409,1
29410,0
29411,1
29413,0
29414,1
29419,0
29420,1
29421,0
29423,1
29425,0
29426,1
29427,0
29428,1
29431,0
29432,1
29433,0
29435,1
29436,0
29437,1
29438,0
29439,1
29440,0
29442,1
29445,0
29447,1
29451,0
29453,1
29455,0
29456,1
29457,0
29458,1
29459,0
29460,1
29461,0
29462,1
29463,0
29464,1
29465,0
29466,1
29467,0
29468,1
29469,0
29470,1
29471,0
29472,1
29473,0
29474,1
29475,0
29478,1
29479,0
29480,1
29481,0
29483,1
29484,0
29485,1
29486,0
29487,1
29488,0
29489,1
29492,0
29493,1
29494,0
29496,1
29497,0
29499,1
29501,0
29502,1
29503,0
29505,1
29507,0
29508,1
29509,0
29510,1
29512,0
29513,1
29514,0
29515,1
29516,0
29517,1
29518,0
29519,1
29520,0
29521,1
29523,0
29525,1
29526,0
29527,1
29528,0
29529,1
29531,0
29532,1
29533,0
29534,1
29535,0
29536,1
29537,0
29538,1
29539,0
29541,1
29542,0
29543,1
29544,0
29546,1
29547,0
29548,1
29549,0
29550,1
29551,0
29552,1
29553,0
29555,1
29557,0
29558,1
29559,0
29561,1
29563,0
29564,1
29565,0
29566,1
29567,0
29568,1
29569,0
29570,1
29571,0
29572,1
29573,0
29574,1
29575,0
29578,1
29579,0
29581,1
29582,0
29583,1
29584,0
29585,1
29586,0
29587,1
29588,0
29589,1
29591,0
29593,1
29594,0
29595,1
29596,0
29599,1
29601,0
29602,1
29604,0
29605,1
29606,0
29611,1
29612,0
29613,1
29614,0
29617,1
29618,0
29619,1
29620,0
29621,1
29623,0
29624,1
29625,0
29629,1
29631,0
29632,1
29634,0
29638,1
29639,0
29641,1
29643,0
29644,1
29646,0
29647,1
29648,0
29649,1
29650,0
29651,1
29652,0
29653,1
29655,0
29656,1
29657,0
29659,1
29660,0
29663,1
29664,0
29665,1
29666,0
29668,1
29669,0
29671,1
29672,0
29674,1
29675,0
29676,1
29678,0
29680,1
29681,0
29683,1
29684,0
29687,1
29689,0
29690,1
29691,0
29693,1
29694,0
29697,1
29698,0
29699,1
29700,0
29701,1
29703,0
29704,1
29706,0
29708,1
29711,0
29712,1
29713,0
29714,1
29715,0
29716,1
29717,0
29719,1
29721,0
29722,1
29723,0
29724,1
29725,0
29726,1
29727,0
29733,1
29734,0
29736,1
29738,0
29742,1
29743,0
29744,1
29746,0
29747,1
29748,0
29749,1
29750,0
29752,1
29753,0
29755,1
29756,0
29757,1
29758,0
29759,1
29760,0
29761,1
29763,0
29765,1
29768,0
29769,1
29770,0
29772,1
29773,0
29774,1
29775,0
29776,1
29777,0
29778,1
29779,0
29780,1
29782,0
29783,1
29784,0
29787,1
29788,0
29790,1
29792,0
29794,1
29795,0
29796,1
29797,0
29798,1
29800,0
29801,1
29804,0
29809,1
29810,0
29811,1
29814,0
29818,1
29819,0
29820,1
29821,0
29822,1
29823,0
29824,1
29825,0
29826,1
29827,0
29830,1
29835,0
29837,1
29838,0
29839,1
29841,0
29842,1
29843,0
29846,1
29847,0
29848,1
29849,0
29851,1
29852,0
29853,1
29854,0
29858,1
29859,0
29860,1
29861,0
29862,1
29863,0
29864,1
29865,0
29866,1
29867,0
29868,1
29869,0
29870,1
29871,0
29872,1
29873,0
29875,1
29876,0
29877,1
29879,0
29881,1
29882,0
29883,1
29885,0
29886,1
29887,0
29888,1
29889,0
29890,1
29892,0
29893,1
29894,0
29896,1
29897,0
29898,1
29899,0
29900,1
29903,0
29904,1
29905,0
29906,1
29907,0
29908,1
29909,0
29910,1
29911,0
29912,1
29913,0
29914,1
29915,0
29916,1
29917,0
29918,1
29920,0
29925,1
29926,0
29928,1
29931,0
29932,1
29933,0
29934,1
29935,0
29936,1
29937,0
29939,1
29940,0
29941,1
29943,0
29944,1
29945,0
29946,1
29947,0
29948,1
29949,0
29950,1
29952,0
29954,1
29955,0
29956,1
29958,0
29959,1
29962,0
29963,1
29965,0
29966,1
29967,0
29969,1
29970,0
29972,1
29974,0
29975,1
29979,0
29980,1
29981,0
29982,1
29984,0
29985,1
29987,0
29988,1
29989,0
29990,1
29991,0
29992,1
29994,0
29995,1
29998,0
30000,1
30003,0
30004,1
30005,0
30006,1
30008,0
30009,1
30010,0
30011,1
30012,0
30013,1
30014,0
30015,1
30017,0
30018,1
30019,0
30020,1
30021,0
30022,1
30023,0
30024,1
30025,0
30026,1
30027,0
30029,1
30031,0
30032,1
30034,0
30037,1
30038,0
30039,1
30040,0
30041,1
30043,0
30045,1
30046,0
30047,1
30048,0
30049,1
30050,0
30051,1
30052,0
30054,1
30056,0
30059,1
30060,0
30062,1
30064,0
30065,1
30066,0
30067,1
30069,0
30070,1
30071,0
30072,1
30073,0
30074,1
30075,0
30076,1
30077,0
30078,1
30079,0
30081,1
30082,0
30083,1
30084,0
30085,1
30086,0
30088,1
30090,0
30093,1
30094,0
30096,1
30097,0
30099,1
30100,0
30101,1
30103,0
30104,1
30107,0
30108,1
30109,0
30110,1
30111,0
30114,1
30115,0
30116,1
30117,0
30120,1
30121,0
30122,1
30125,0
30126,1
30128,0
30130,1
30132,0
30134,1
30136,0
30137,1
30139,0
30141,1
30142,0
30143,1
30144,0
30145,1
30146,0
30148,1
30149,0
30150,1
30153,0
30154,1
30155,0
30156,1
30157,0
30158,1
30159,0
30160,1
30161,0
30162,1
30163,0
30164,1
30165,0
30166,1
30168,0
30170,1
30175,0
30176,1
30177,0
30179,1
30180,0
30183,1
30184,0
30185,1
30187,0
30188,1
30190,0
30191,1
30192,0
30193,1
30194,0
30195,1
30196,0
30197,1
30198,0
30200,1
30201,0
30202,1
30203,0
30205,1
30207,0
30208,1
30209,0
30212,1
30214,0
30216,1
30217,0
30218,1
30220,0
30224,1
30225,0
30226,1
30229,0
30231,1
30232,0
30233,1
30236,0
30237,1
30240,0
30241,1
30242,0
30243,1
30244,0
30247,1
30248,0
30250,1
30252,0
30253,1
30254,0
30255,1
30256,0
30257,1
30259,0
30260,1
30261,0
30262,1
30263,0
30265,1
30266,0
30267,1
30270,0
30272,1
30274,0
30275,1
30276,0
30277,1
30278,0
30280,1
30281,0
30282,1
30287,0
30289,1
30290,0
30291,1
30292,0
30293,1
30294,0
30295,1
30297,0
30298,1
30299,0
30301,1
